fid,class_name,total_area
1,Built-up,827.433357479558
2,Barren,1185.68348869637
3,Vegetation,91.6852452389063
4,Water,70.1051342299933
